Season_team,IP,K/9,BB/9,HR/9,BABIP,LOB%,ERA,FIP,pWAR,PA,AVG,OBP,SLG,wOBA,BsR,Off,Def,WAR,Wins
2023WSN,1428.1,7.718790532,3.73022367,1.543758106,0.3047871061,0.725,5.021939636,5.151656985,5.514468091,6085,0.254,0.314,0.396,0.3090396741,0.7643654048,-60.023,-51.914,9.504,71.000
2023TOR,1451.2,9.473,3.025486187,1.227553822,0.2949790795,0.754,3.788057501,4.059631838,18.60847398,6220,0.256,0.329,0.417,0.3239746534,-12.432,39.55637661,7.602,25.77584964,89.000
2023TEX,1436.1,8.465306588,3.076584408,1.240659293,0.2883341824,0.726,4.279647964,4.314682668,15.19158214,6306,0.263,0.337,0.452,0.3396939927,-9.593,96.96664774,22.35222607,33.26294905,90.000
2023TBR,1442,9.405682081,2.739943221,1.104715148,0.2838760504,0.724,3.869623683,3.804970273,20.59462965,6164,0.26,0.331,0.445,0.3352108219,14.75253242,147.2500215,-26.712,32.90346686,99.000
2023STL,1428.1,7.655774989,3.339556168,1.127887838,0.319645357,0.694,4.83290487,4.428435299,14.01821811,6204,0.25,0.326,0.416,0.3222091211,-6.406,20.25891226,-44.045,18.69858623,71.000
2023SFG,1434.2,8.525327225,2.52811396,1.085,0.303000248,0.707,4.021144041,3.919305834,14.50193762,6095,0.235,0.312,0.383,0.3041780696,0.5976098413,-53.459,4.27647358,15.79592867,79.000
2023SEA,1449.1,9.060025365,2.614304783,1.142594014,0.2872586873,0.736,3.738269547,3.881534668,20.11077433,6201,0.242,0.321,0.413,0.3192700683,-1.604,47.91085692,4.017414228,26.18716659,88.000
2023SDP,1441,9.025,3.47883595,1.08674588,0.2861618799,0.756,3.734908255,4.137066711,18.09528552,6180,0.244,0.329,0.413,0.3232176791,5.497131924,59.33669095,-8.37,26.07131056,82.000
2023PIT,1430,8.578322124,3.751049146,1.126573485,0.2988305549,0.701,4.613,4.396298683,11.7167474,6089,0.239,0.315,0.392,0.3084180053,1.245826096,-71.547,-2.462,13.29997271,76.000
2023PHI,1442.1,9.072795932,2.932746966,1.154379125,0.28969573,0.712,4.030967106,3.996199813,24.44779449,6207,0.256,0.327,0.438,0.329,2.65338158,44.86088781,-51.312,20.43745866,90.000
2023OAK,1419.2,8.241371449,4.39962445,1.350317014,0.3068432671,0.681,5.484,5.051940615,1.693434363,5966,0.223,0.298,0.37,0.2931675199,-6.217,-86.3,-49.338,6.687232131,50.000
2023NYY,1439.2,8.99583354,3.175735537,1.219032342,0.2796676188,0.733,3.969669422,4.252,13.38122334,5973,0.227,0.304,0.397,0.3044883007,-15.072,-56.243,0.2393238619,14.65194823,82.000
2023NYM,1416.1,8.87714883,3.78089016,1.207343076,0.2965176715,0.735,4.295599577,4.46661925,10.433,6056,0.238,0.316,0.407,0.3149904358,7.77345755,13.60370149,-29.679,18.96484956,75.000
2023MIN,1451.1,9.674,2.747129283,1.203031785,0.292,0.747,3.869545536,3.888939792,19.66443303,6219,0.243,0.326,0.428,0.3266612492,-0.963,64.22,-27.167,24.76475358,87.000
2023MIL,1443,8.887731439,3.074843227,1.234926895,0.267435763,0.752,3.729728702,4.213459577,15.86401231,6084,0.24,0.319,0.385,0.309,0.4320079042,-60.952,44.39017076,19.01146923,92.000
2023MIA,1435.1,9.342770933,3.222942456,1.197630368,0.3003921569,0.725,4.213652394,4.131490728,17.4759937,6043,0.259,0.316,0.405,0.3121733317,-15.505,-60.724,-42.856,10.19497357,84.000
2023LAD,1446.1,8.637015264,2.825075598,1.244526695,0.2777350756,0.726,4.057157026,4.226462109,16.77006473,6333,0.257,0.34,0.455,0.3411892524,6.105114284,133.9630197,-4.448,34.42354494,100.000
2023LAA,1431.2,9.083814142,3.998135498,1.313852703,0.3017570665,0.706,4.639345908,4.651313967,11.34356655,6145,0.245,0.317,0.426,0.3199747351,-7.956,0.7966990895,-47.524,16.15977125,73.000
2023KCR,1409,8.112133622,3.532291254,1.322213905,0.3027750248,0.678,5.167492993,4.695067802,7.585120497,5985,0.244,0.303,0.398,0.3029037851,5.107,-89.493,-0.093,11.34383827,56.000
2023HOU,1445.1,9.091326551,3.343864629,1.251614135,0.2895491269,0.746,3.941650484,4.31292712,15.15635899,6253,0.259,0.331,0.437,0.3316407475,-8.734,79.57959209,-18.893,27.23666918,90.000
2023DET,1442.1,8.574,2.970185963,1.166858771,0.284244857,0.698,4.243122805,4.12931731,14.47931201,6080,0.236,0.305,0.382,0.2998401724,3.905038241,-79.354,-23.359,10.35680257,78.000
2023COL,1414,7.185996693,3.729844165,1.489391697,0.3188507358,0.676,5.683875152,5.235237771,5.881931918,6055,0.249,0.31,0.405,0.3098441711,-19.885,-185.718,-14.864,0.5628816822,59.000
2023CLE,1444,8.171053483,3.328255194,1.07825496,0.2893251534,0.732,3.97022202,4.212103694,14.63945122,6096,0.25,0.313,0.381,0.3015156533,8.079331913,-48.222,-7.565,15.09023043,76.000
2023CIN,1439.1,8.635248394,3.833024812,1.388142754,0.300024919,0.718,4.833488058,4.787693995,14.24491329,6195,0.249,0.327,0.42,0.324639467,12.72093511,-5.509,-61.627,14.34534706,82.000
2023CHW,1431.2,9.240975938,4.111291336,1.345284932,0.2990702479,0.702,4.878,4.705796271,10.04202033,5980,0.238,0.291,0.384,0.2924773657,-4.671,-128.118,-41.507,3.345617325,61.000
2023CHC,1435.1,8.634231037,3.216674308,1.122387332,0.2907388664,0.715,4.094519148,4.163539622,16.90811875,6220,0.254,0.33,0.421,0.3257696796,14.78346349,48.87959089,-11.592,24.84314087,83.000
2023BOS,1430,8.95593868,3.12797015,1.309090123,0.3052817791,0.716,4.518878406,4.372521729,13.80510851,6174,0.258,0.324,0.424,0.3236912915,-10.562,-16.353,-57.166,13.58631633,78.000
2023BAL,1453.2,8.859659592,2.928454918,1.09584888,0.2926150733,0.735,3.906670302,3.975287075,18.18643993,6123,0.255,0.321,0.421,0.3204567906,13.31344756,53.02593252,-29.155,23.12504219,101.000
2023ATL,1440,9.474997949,3.337499278,1.168749747,0.3014629049,0.73,4.137499104,4.096011923,16.64667354,6249,0.276,0.344,0.501,0.3593281314,11.40768883,202.3843696,-17.487,39.66088258,104.000
2023ARI,1435.1,8.471204117,3.291918698,1.235253302,0.296054285,0.71,4.483279751,4.354436223,12.99876035,6124,0.25,0.322,0.408,0.3169703776,8.861,-11.057,0.006,19.69684637,84.000
2022WSN,1411.2,7.778036338,3.557495308,1.555607268,0.2971137521,0.708,5.005,4.976183325,0.5241062627,5998,0.249,0.31,0.377,0.3027270503,-25.144,-70.915,-67.436,6.758,55.000
2022TOR,1441.1,8.679462026,2.647548129,1.123959111,0.295254833,0.734,3.890147369,3.847859845,16.70466629,6158,0.264,0.329,0.431,0.331347418,-10.456,116.1434028,-9.98,31.74200001,92.000
2022TEX,1435,8.241119187,3.643904298,1.059930854,0.2916666667,0.712,4.220908077,4.175148122,10.12365471,6029,0.239,0.301,0.395,0.3046315349,18.79888926,-10.865,-16.539,17.28649396,68.000
2022TBR,1435.2,8.676111096,2.407244697,1.078245021,0.2772680938,0.746,3.410263321,3.682200111,16.48046315,6008,0.239,0.309,0.377,0.3022050885,3.967575167,9.78681578,-15.813,19.46074047,86.000
2022STL,1435.2,7.378450791,3.065473608,0.915,0.2870593916,0.742,3.792661621,3.942009239,13.969,6165,0.252,0.325,0.42,0.3259409302,4.728105759,91.13896672,4.483673054,31.9174354,93.000
2022SFG,1433,8.604,2.769713326,0.8290298391,0.3104294479,0.7,3.863,3.429945447,19.91611097,6117,0.234,0.315,0.39,0.311,3.014480584,23.86125817,-70.767,16.78210525,81.000
2022SEA,1447,8.651691345,2.780234386,1.156876053,0.2793138761,0.761,3.588803671,3.903721973,13.71036142,6117,0.23,0.315,0.39,0.3103640362,-9.963,34.05050635,-13.385,22.62782995,90.000
2022SDP,1443.1,9.047806763,2.918245048,1.079,0.2818722524,0.735,3.809931035,3.815663125,18.48065215,6175,0.241,0.318,0.382,0.3080770731,3.911367684,23.8702838,-23.615,21.93965785,89.000
2022PIT,1421,7.91696175,3.711471668,1.038705382,0.304,0.687,4.661507078,4.274287929,8.91,5912,0.222,0.291,0.364,0.2887105367,6.734270765,-111.127,-33.725,5.771,62.000
2022PHI,1428.1,8.966,2.917386159,0.9451575031,0.302409021,0.712,3.975962563,3.6,22.93,6077,0.253,0.317,0.422,0.3216074744,9.91,54.03616015,-51.042,21.87945615,87.000
2022OAK,1426.1,7.590793046,3.173872737,1.2304278,0.2890549662,0.707,4.536808146,4.412266358,3.859626335,5863,0.216,0.281,0.346,0.2773050364,1.369652912,-108.664,-16.988,6.415587534,60.000
2022NYY,1451.2,9.045464136,2.752697791,0.9733638584,0.2675059009,0.763,3.304477303,3.560190962,19.59926133,6172,0.241,0.325,0.426,0.3271562525,-5.712,107.588376,41.4820581,36.29386102,99.000
2022NYM,1438.2,9.790317297,2.677479746,1.057229152,0.2972827549,0.76,3.584569847,3.504459554,21.07026518,6176,0.259,0.332,0.412,0.3257425094,-10.749,90.295,-13.636,29.965,101.000
2022MIN,1437,8.367428761,2.931105285,1.152400368,0.2848545637,0.733,3.983296925,4.032401601,10.69453137,6113,0.248,0.317,0.401,0.3149459679,-20.695,24.51704547,-17.584,21.17267642,78.000
2022MIL,1446,9.523,3.242737775,1.182572317,0.279541211,0.73,3.827799869,3.924324488,15.04729048,6122,0.235,0.315,0.409,0.3168526405,5.623663139,28.95683151,-5.654,24.17148978,86.000
2022MIA,1437.1,8.998,3.2,1.083255819,0.2948950505,0.738,3.869665296,3.903,14.29565954,5949,0.23,0.294,0.363,0.290428114,-2.619,-106.586,-15.386,8.304291805,69.000
2022LAD,1451.1,9.084751287,2.523886535,0.9425817035,0.2554434413,0.783,2.797,3.451428492,25.01385033,6247,0.257,0.333,0.442,0.3365606197,19.879,160.6423238,0.9714960847,39.13725765,111.000
2022LAA,1435.2,8.669839074,3.385186623,1.053169172,0.2760483663,0.731,3.786393927,3.960816087,16.47753316,5977,0.233,0.297,0.39,0.3001207933,-0.805,-47.825,-30.255,11.79172098,73.000
2022KCR,1416,7.569913805,3.743643351,1.099576061,0.3124260355,0.703,4.716100792,4.416808091,7.995568712,6010,0.244,0.306,0.38,0.3015621925,2.18,-54.488,-40.631,10.11311885,65.000
2022HOU,1445.1,9.489861901,2.851940125,0.8344104296,0.2682065217,0.772,2.89552873,3.284016697,26.47671211,6054,0.248,0.319,0.424,0.3239585262,-8.933,77.06367072,14.52995789,29.86435977,106.000
2022DET,1419.2,7.576,3.239491877,1.058698911,0.2839446199,0.713,4.038270696,4.158449692,9.816091084,5870,0.231,0.286,0.346,0.2790108961,-8.605,-143.114,-29.185,1.54125686,66.000
2022COL,1425.1,7.495085667,3.403412952,1.161832993,0.3118707563,0.669,5.076705034,4.383710838,12.41898173,6105,0.254,0.315,0.398,0.3124052818,-2.641,-105.587,-39.256,6.456526038,68.000
2022CLE,1456,8.592034459,2.688874093,1.063186998,0.2744599746,0.738,3.473901702,3.752539811,17.5823501,6163,0.254,0.316,0.383,0.3056407815,13.17513672,19.68495771,6.359398915,23.34647146,92.000
2022CIN,1423.1,8.940985081,3.869789865,1.34683863,0.298,0.711,4.863,4.592757923,10.11638449,5978,0.235,0.304,0.372,0.2987121392,-15.573,-113.551,-28.895,6.257601075,62.000
2022CHW,1447.2,9.014506498,3.313608251,1.032005571,0.2950570342,0.712,3.935298354,3.810104259,17.64176063,6123,0.256,0.31,0.387,0.3063532948,-3.002,-15.419,-37.585,14.91285237,81.000
2022CHC,1443.2,8.622,3.366427896,1.290464027,0.2866885577,0.735,4.027245223,4.334318453,8.851080468,6072,0.238,0.311,0.387,0.3069450083,-1.744,-18.379,-34.033,16.04431292,74.000
2022BOS,1431,8.465414064,3.308178156,1.163522735,0.3036156513,0.698,4.534594012,4.165540177,10.19667486,6144,0.258,0.321,0.409,0.3186025346,-11.546,0.2762594869,-30.283,17.39773339,78.000
2022BAL,1433.1,7.62278853,2.781627116,1.073720625,0.2964474316,0.732,3.974650032,4.030569083,11.70648452,6049,0.236,0.305,0.39,0.3052489933,11.96241035,16.83401163,-14.543,20.47120313,83.000
2022ATL,1448,9.658844155,3.107736215,0.9198899196,0.2856384391,0.746,3.455802671,3.459,22.65611958,6082,0.253,0.317,0.443,0.3301787053,9.737575973,89.00451284,-14.222,29.435,101.000
2022ARI,1430,7.653149343,3.172029004,1.202098293,0.2818070818,0.712,4.254546838,4.329213422,6.734102143,6027,0.23,0.304,0.385,0.303,25.39402224,-19.776,13.43866253,20.7223043,74.000
2021WSN,1394.1,8.688016707,3.537171735,1.594309158,0.2893032893,0.71,4.821655631,4.874069246,6.314412646,6113,0.258,0.337,0.417,0.3258679348,-25.432,-10.546,7.686874166,20.33310492,65.000
2021TOR,1405.1,9.401325723,3.029173751,1.338472123,0.2839338933,0.755,3.90654543,4.18402434,14.43917585,6070,0.266,0.33,0.466,0.3403280312,2.826181815,95.06831516,-4.548,29.957,91.000
2021TEX,1424.1,7.828924822,3.241516088,1.465948796,0.2883193691,0.703,4.802246057,4.756737338,6.620936737,5943,0.232,0.294,0.375,0.291230029,-1.775,-140.761,40.078,10.34746576,60.000
2021TBR,1455.2,9.138086419,2.695673666,1.137623749,0.2808842653,0.737,3.672546233,3.794486822,18.90706233,6213,0.243,0.321,0.429,0.3224183553,11.22845638,77.67010094,20.65424315,31.23183799,100.000
2021STL,1417,7.780523774,3.861680371,0.9654200928,0.2721327968,0.732,3.995060779,4.302705197,12.98632747,6001,0.244,0.313,0.412,0.3119676648,11.74080227,-25.116,67.30089393,24.47211018,90.000
2021SFG,1455,8.814434192,2.573196227,0.934020746,0.2794527489,0.749,3.247423124,3.548037232,21.94498311,6196,0.249,0.329,0.44,0.3294962035,-6.413,58.07125436,53.27218202,32.06480861,107.000
2021SEA,1440.1,8.298081194,3.030549231,1.230965358,0.2878073007,0.711,4.29900592,4.257973182,13.94883167,6010,0.226,0.303,0.385,0.2997862837,-7.135,-57.433,-26.361,12.27148699,90.000
2021SDP,1430,9.547557707,3.247554237,1.290210501,0.2873224337,0.736,4.097205054,4.17702387,12.63216236,6119,0.242,0.321,0.401,0.3121620998,0.7316645561,-10.302,22.48534731,21.86181111,79.000
2021PIT,1396.1,8.456435441,3.905945028,1.372881668,0.3019587891,0.701,5.079017628,4.743437207,5.088687768,5983,0.236,0.309,0.364,0.2942670794,-3.926,-153.363,14.3997794,6.246785151,61.000
2021PHI,1418.2,9.389095117,3.229087442,1.268796637,0.296,0.714,4.390036366,4.151233041,17.61233775,6089,0.24,0.318,0.408,0.3131599767,7.848180461,-42.652,28.36983277,19.10676689,82.000
2021OAK,1433,8.365674758,2.757155569,1.199582492,0.2902825979,0.737,4.019543427,4.096758376,14.68013223,6104,0.238,0.317,0.406,0.313080877,11.75013959,30.31615194,1.338942145,24.172,86.000
2021NYY,1435.1,9.838,3.08499973,1.228983632,0.2840477482,0.74,3.762194793,3.904354995,21.61006807,6060,0.237,0.322,0.407,0.3171557035,-15.144,4.895006861,-37.125,17.61413857,92.000
2021NYM,1379.1,9.481,3.099323722,1.239729489,0.2866277453,0.732,3.895360551,4.039290926,17.12096884,5856,0.239,0.315,0.391,0.3069070465,-13.543,-54.917,62.64413833,20.5277445,77.000
2021MIN,1419.1,8.351,3.069047472,1.515500715,0.2898441428,0.689,4.831847467,4.657,6.810724047,6078,0.241,0.314,0.423,0.3175352186,-3.089,13.84259743,-8.054,21.48834257,73.000
2021MIL,1436,10.14067272,3.365600277,1.052925226,0.2752855949,0.747,3.497215931,3.720169811,23.55427864,6099,0.233,0.317,0.396,0.3100380419,8.493168799,-53.927,37.577,18.9331918,95.000
2021MIA,1415,8.783742184,3.364663009,1.030388294,0.2896302043,0.716,3.956182215,4.015,15.86473738,5928,0.233,0.298,0.372,0.291475967,0.398,-154.343,51.05920687,9.638981978,67.000
2021LAD,1452,9.911149689,3.012394465,0.9979331457,0.2599615279,0.765,3.030989492,3.543308268,27.5165912,6239,0.244,0.33,0.429,0.3267945547,9.327461778,50.59260448,33.01370421,29.42850206,106.000
2021LAA,1421.2,9.198362172,3.747715351,1.190152848,0.305,0.696,4.69097479,4.254673152,15.46518028,6016,0.245,0.31,0.407,0.3084897683,6.808003102,-44.071,-44.94,11.76906138,77.000
2021KCR,1417.1,8.534333253,3.752820649,1.200140614,0.300938848,0.703,4.641813696,4.389220773,13.18082164,5993,0.249,0.306,0.396,0.3036821215,13.15979931,-78.654,3.347701861,13.06422192,74.000
2021HOU,1445,9.068509694,3.419376251,1.164705572,0.2748815166,0.751,3.799306946,4.122279189,16.23634217,6291,0.267,0.339,0.444,0.3364979436,-6.183,106.6851798,17.21673975,34.0649536,95.000
2021DET,1419.2,7.98145041,3.61986353,1.261563647,0.2889217863,0.726,4.31721027,4.598534538,9.250889008,5979,0.242,0.308,0.399,0.3057701553,1.217805479,-51.945,-57.189,9.623940867,77.000
2021COL,1397,8.175373274,3.47243987,1.262705407,0.3019864219,0.698,4.82533852,4.469958323,13.5442987,6007,0.249,0.317,0.414,0.314981504,12.3598741,-137.339,43.38496511,10.84103455,74.000
2021CLE,1408,8.891337019,3.3366484,1.380682096,0.2817460317,0.728,4.340199738,4.426422606,9.657131376,5907,0.238,0.303,0.407,0.3062172623,7.439345981,-25.992,3.634011891,18.0777839,80.000
2021CIN,1434.1,9.56263005,3.871484738,1.292586477,0.2967265048,0.726,4.411,4.336425764,17.131566,6162,0.249,0.328,0.431,0.3272945223,-15.054,-29.342,-1.014,17.741,83.000
2021CHW,1403.1,10.18431878,3.110450005,1.167220414,0.2877637131,0.744,3.726126707,3.738676151,27.91856406,6084,0.256,0.336,0.422,0.3290529864,-0.857,56.70788815,-38.038,22.80070093,93.000
2021CHC,1412.2,8.652,3.797075195,1.497168911,0.2939974457,0.709,4.880133556,4.883810891,3.953480964,5972,0.237,0.312,0.407,0.3114118258,-8.607,-56.94,30.18328898,17.46117894,71.000
2021BOS,1419,9.684992249,3.463003123,1.116279395,0.3228593873,0.719,4.274842682,3.951566829,20.32263343,6122,0.261,0.328,0.449,0.3327793281,-4.442,35.28145046,-31.555,21.43299512,92.000
2021BAL,1402,7.92153975,3.614122268,1.656205231,0.3051586341,0.667,5.84807351,5.152198412,7.740633276,5983,0.239,0.304,0.402,0.3050351767,-6.176,-75.457,-61.953,6.802270106,52.000
2021ATL,1410.2,9.040402162,3.292,1.16753253,0.2801701223,0.744,3.891775101,4.085200008,15.42285015,6056,0.244,0.319,0.435,0.323,5.381659078,-2.17,44.13865308,24.6359634,88.000
2021ARI,1417.1,7.861246453,3.524225994,1.473189965,0.2992805755,0.682,5.149814922,4.884518629,2.346252033,6144,0.236,0.309,0.382,0.3006838287,6.564332349,-104.967,15.65226671,11.76835732,52.000
2019WSN,1439.1,9.448127094,3.233,1.263085157,0.2961228207,0.73,4.276981424,4.14360728,21.73444695,6267,0.265,0.342,0.454,0.3356960401,3.730278209,34.70371228,57.0409143,28.31115207,93.000
2019TOR,1440.1,8.323,3.774125684,1.42466996,0.2995098039,0.718,4.792639734,4.824053636,8.856749981,6091,0.236,0.305,0.428,0.3096895025,-7.049,-66.487,-32.523,11.77557736,67.000
2019TEX,1438,8.630742352,3.648820008,1.508345835,0.3121783877,0.705,5.088,4.837098555,14.22693632,6204,0.248,0.319,0.431,0.3172317735,11.97854645,-86.778,-46.577,8.836568774,78.000
2019TBR,1474.1,9.895320543,2.765317832,1.104906242,0.2898435428,0.738,3.674881534,3.654887213,24.54889397,6285,0.254,0.325,0.431,0.3206100022,8.359137797,40.58716051,-2.287,25.79361488,96.000
2019STL,1444,8.719529107,3.396814412,1.190443216,0.2828674948,0.758,3.820637128,4.271489179,14.91855695,6167,0.245,0.322,0.415,0.3141151052,14.35664469,-23.803,60.87578978,22.69144787,91.000
2019SFG,1469,8.381209068,3.17971309,1.390741563,0.2864851607,0.726,4.380529593,4.553015657,8.292788213,6170,0.239,0.302,0.392,0.2947972558,-3.403,-149.088,42.18438732,8.717,77.000
2019SEA,1439.1,7.747335413,3.157711367,1.625752387,0.290529314,0.684,4.996062143,4.999558514,5.445842396,6199,0.237,0.316,0.424,0.3141097876,13.4413997,4.186625366,-48.193,17.49725057,68.000
2019SDP,1432,9.2702486,2.909915323,1.351256576,0.2993145468,0.7,4.631981843,4.218199594,15.19370034,6019,0.238,0.308,0.41,0.3046289182,-11.055,-101.087,22.65164261,11.01425147,70.000
2019PIT,1440,9.019,3.649999371,1.50624974,0.3145121347,0.689,5.187499106,4.779287461,8.653,6228,0.265,0.321,0.42,0.31296253,-4.634,-72.767,4.166004116,12.61642019,69.000
2019PHI,1453.2,8.618,3.380416671,1.597339746,0.2979785376,0.747,4.531987186,4.879453331,8.504773107,6261,0.246,0.319,0.427,0.3144087768,13.83865519,-65.629,48.52931468,17.7207623,81.000
2019OAK,1465,7.980203292,2.930374881,1.234812057,0.2776155718,0.751,3.968599944,4.336194044,18.75771897,6269,0.249,0.327,0.448,0.3274366868,-1.722,55.24717939,-13.472,26.07489151,97.000
2019NYY,1443,9.567568439,3.16216245,1.546777688,0.2963157895,0.752,4.309771702,4.468,17.91443652,6245,0.267,0.339,0.49,0.3463919317,-0.801,132.5244739,-42.644,30.66292751,103.000
2019NYM,1461,9.363,3.080082982,1.256673857,0.3042046606,0.731,4.250514516,4.098336,19.82301469,6290,0.257,0.328,0.442,0.3251346257,-16.984,24.254,29.38005594,24.6807539,86.000
2019MIN,1463.1,8.997951696,2.78,1.217767899,0.3089390963,0.718,4.182233188,4.025171847,23.65749894,6392,0.27,0.338,0.494,0.3468773149,-8.374,125.3614103,-28.424,31.86467723,101.000
2019MIL,1459.1,9.232292808,3.515301871,1.38761916,0.2921261862,0.731,4.403378133,4.46183933,12.49767913,6309,0.246,0.329,0.438,0.3238324915,5.895593951,-20.37,60.8215701,23.45918221,89.000
2019MIA,1444.1,8.587,3.832220652,1.47057573,0.2810590631,0.722,4.736,4.894,5.818589179,6045,0.241,0.298,0.375,0.2880226993,-23.898,-195.601,23.16871908,1.964981551,57.000
2019LAD,1445.2,9.456541107,2.440397705,1.151718305,0.2708611037,0.747,3.392899871,3.726576477,25.38223116,6281,0.257,0.338,0.472,0.3383970782,11.87929253,92.52971166,61.63930046,34.418,106.000
2019LAA,1442.2,8.758781736,3.593346353,1.665665757,0.2904040404,0.71,5.115527794,5.041875372,7.532785697,6251,0.247,0.324,0.422,0.3164541359,-6.137,-41.117,-8.356,17.14890859,72.000
2019KCR,1425,7.768,3.675791742,1.395790335,0.3109945147,0.702,5.204213738,4.899625028,7.867295603,6080,0.247,0.309,0.401,0.3018369575,-1.663,-126.169,-24.795,6.690703691,59.000
2019HOU,1462.1,10.28425333,2.757238476,1.415546539,0.2704576976,0.768,3.662,3.976490335,24.19839256,6394,0.274,0.352,0.495,0.3546718173,-9.523,187.7959521,13.57769841,42.0153793,107.000
2019DET,1433,8.591770204,3.366366103,1.570133444,0.3169014085,0.688,5.25680677,4.839,10.29809458,6039,0.24,0.294,0.388,0.2895188027,-6.786,-180.974,-56.926,-1.897,47.000
2019COL,1448.2,7.852737058,3.659226366,1.677404277,0.3078010841,0.686,5.578922372,5.229656244,6.024699454,6288,0.265,0.326,0.456,0.3278859747,1.61026881,-104.99,25.36861423,11.73169627,71.000
2019CLE,1437.2,9.440294054,2.817063876,1.295849383,0.2911928061,0.76,3.793646019,4.05634683,21.04280787,6124,0.25,0.323,0.432,0.319,4.29310704,-16.254,36.4138295,23.46616804,93.000
2019CIN,1438,9.713489169,3.35465863,1.339359976,0.285637003,0.737,4.180805905,4.229308792,19.82566496,6100,0.244,0.315,0.422,0.3118815133,-16.68,-137.995,56.73604187,10.99068318,75.000
2019CHW,1412.2,8.358658655,3.707880592,1.516281067,0.3018108652,0.713,4.905615217,4.890980003,13.21717099,6042,0.261,0.314,0.414,0.3091486403,5.336,-59.621,-42.153,11.3350138,72.000
2019CHC,1442,9.0124757,3.332868438,1.217058699,0.2999745999,0.741,4.100551617,4.246602775,16.90884525,6195,0.252,0.331,0.452,0.3296439255,-2.221,0.581016634,65.99767249,25.64395284,84.000
2019BOS,1471,9.991172618,3.70156732,1.315433015,0.3121447028,0.708,4.698849094,4.282671813,16.51396213,6475,0.269,0.34,0.466,0.3379624885,-7.014,41.68707977,11.76969839,27.93300038,84.000
2019BAL,1443,7.78378623,3.498961599,1.9022875,0.295,0.685,5.669440451,5.564669042,6.895335422,6189,0.246,0.31,0.415,0.3078084938,1.960802405,-91.351,-73.191,5.754677121,54.000
2019ATL,1450.2,8.642229246,3.39981452,1.259420342,0.3022332506,0.738,4.200135822,4.388641733,12.40933684,6302,0.258,0.336,0.452,0.3320723712,11.00695614,18.34185018,62.06080937,27.318,97.000
2019ARI,1465,8.766558906,3.169968042,1.351536762,0.2946317104,0.74,4.245054102,4.401724077,12.8617136,6315,0.252,0.323,0.434,0.3191834725,18.25777296,-37.48,78.62307065,23.54496513,85.000
2018WSN,1446,8.819499329,3.031119388,1.232364762,0.2870299309,0.748,4.03941783,4.149,16.42944209,6288,0.254,0.335,0.419,0.3252909482,8.422,14.49744679,20.19553909,23.56339539,82.000
2018TOR,1433.2,8.148340523,3.458964274,1.30574332,0.3062062304,0.7,4.852594163,4.529,8.493337395,6076,0.244,0.312,0.427,0.319,-27.142,-29.68,-33.044,14.75369113,73.000
2018TEX,1431,7.05,3.088051775,1.396227075,0.2991907514,0.696,4.924530631,4.790759358,10.85620915,6163,0.24,0.318,0.404,0.3145891765,7.216648531,-77.386,-22.365,11.24580707,67.000
2018TBR,1448.1,8.83,3.11323262,1.019102095,0.2782247599,0.733,3.747064411,3.817737188,17.41311242,6195,0.258,0.333,0.406,0.3222309436,-0.285,48.64352244,-38.179,22.70312448,90.000
2018STL,1455.1,8.268210306,3.667201729,0.8905177891,0.2929782082,0.73,3.852726268,3.969866839,14.40710857,6200,0.249,0.321,0.409,0.3157614054,12.88495827,7.898848659,9.28410309,21.48113631,88.000
2018SFG,1461.1,7.815462174,3.227188479,0.9607660356,0.2933047415,0.723,3.953921762,3.979544778,14.10623948,6113,0.239,0.3,0.368,0.2895651254,-2.861,-140.41,10.09189142,6.020858685,73.000
2018SEA,1448.2,8.250345079,2.485043699,1.211458803,0.2945071113,0.725,4.12517254,4.054355587,16.49213996,6087,0.254,0.314,0.408,0.3126418937,-7.023,-8.293,-12.745,19.08324133,89.000
2018SDP,1457,8.642,3.205902663,1.142759138,0.3049228508,0.711,4.41,4.099345762,12.39115567,6059,0.235,0.297,0.38,0.2936806445,-5.672,-122,28.98336765,9.688968041,66.000
2018PIT,1434,8.385,3.11924739,1.092050394,0.296460177,0.736,4.004184778,4.058617187,14.94141944,6066,0.254,0.317,0.407,0.3122634177,-13.256,-51.728,50.80994579,19.19182274,82.000
2018PHI,1445.2,9.120358119,3.112750211,1.064560572,0.3031456114,0.71,4.146183281,3.833475913,19.68405907,6136,0.234,0.314,0.393,0.3073612679,2.937068927,-68.454,7.571030525,13.24162188,80.000
2018OAK,1465.2,7.595859568,2.9106204,1.129861084,0.2695735967,0.735,3.819421707,4.183172757,13.46363545,6255,0.252,0.325,0.439,0.3294486271,-5.779,83.2020482,-0.223,30.37719334,97.000
2018NYY,1456.1,10.09796594,3.052873425,1.093843312,0.3001588142,0.739,3.775922394,3.634,24.46287707,6271,0.249,0.329,0.451,0.335255048,14.63527803,102.7809528,-27.285,29.66265284,100.000
2018NYM,1460.2,8.91,2.982201585,1.139891102,0.2953406814,0.73,4.072800098,3.966911657,17.85814937,6177,0.234,0.312,0.389,0.3046802227,2.576042172,-43.096,10.59944397,16.29402967,77.000
2018MIN,1443.1,8.586,3.572981353,1.234642771,0.3022912047,0.724,4.502081216,4.392994393,11.39691475,6154,0.25,0.318,0.405,0.31318347,0.6451833714,-30.459,-12.978,17.01134508,78.000
2018MIL,1461,8.797,3.406569814,1.065708097,0.2785329572,0.744,3.733058422,4.006,14.48917061,6210,0.252,0.323,0.424,0.3221590586,8.197202716,7.709945489,79.15737486,28.68619231,96.000
2018MIA,1442,7.795429038,3.776008461,1.198336569,0.2903617383,0.699,4.762,4.565424294,2.377202294,6083,0.237,0.303,0.357,0.2890190006,-15.808,-138.949,52.40324678,10.43142599,63.000
2018LAD,1476,9.542686006,2.573171562,1.091463767,0.2843111915,0.762,3.396342559,3.598099663,18.9726934,6358,0.25,0.333,0.442,0.3326177141,11.39105662,99.28517011,35.365,34.07551451,92.000
2018LAA,1437.1,8.678575983,3.418832963,1.283627761,0.29390681,0.741,4.151440026,4.361265655,12.1701898,6108,0.242,0.313,0.413,0.3132712674,2.761330499,-13.828,4.065,20.31714311,80.000
2018KCR,1432,7.272,3.450419559,1.288408032,0.3093475243,0.706,4.946229859,4.662525363,6.708,6063,0.245,0.305,0.392,0.3026664541,-7.39,-98.831,-30.34,7.868240775,58.000
2018HOU,1455,10.43505327,2.690722093,0.9402063407,0.2832353764,0.779,3.111340719,3.232595106,28.63264888,6146,0.255,0.329,0.425,0.3265825807,-7.034,64.58253752,38.74083812,32.09086996,103.000
2018DET,1425.1,7.671894139,3.100329236,1.363892291,0.2909836066,0.705,4.596822167,4.585360826,10.0492704,6029,0.241,0.3,0.38,0.2953189756,6.436041088,-118.525,-43.949,4.321519893,64.000
2018COL,1452.1,8.731472589,3.253387586,1.140234887,0.2994477912,0.713,4.331653187,4.058984812,17.06169884,6178,0.256,0.322,0.435,0.325,3.239997891,-85.1,47.05966242,15.72651069,91.000
2018CLE,1457.1,9.535224251,2.513494994,1.235132675,0.2975912976,0.76,3.773330322,3.784858331,21.97779677,6300,0.259,0.332,0.434,0.330300363,13.74845412,55.08538022,-12.171,26.40999193,91.000
2018CIN,1441,7.857046064,3.323,1.424011528,0.299928758,0.715,4.653020126,4.682984382,8.686863111,6240,0.254,0.328,0.401,0.3168908832,-1.9,-44.775,19.13736407,17.20042585,67.000
2018CHW,1437,7.885175594,4.089769391,1.227557122,0.2916465476,0.694,4.847598022,4.730367145,9.842830879,6071,0.241,0.302,0.401,0.304,-7.212,-67.517,-27.5,11.41200388,62.000
2018CHC,1476.1,8.126,3.791826993,0.9571010256,0.2843857073,0.762,3.645518556,4.135142372,14.11861558,6369,0.258,0.333,0.41,0.3206487731,2.247142916,3.400543708,59.893,26.76501828,95.000
2018BOS,1458.2,9.612893178,3.159050903,1.085923748,0.2943169969,0.758,3.751372948,3.81856575,18.52552182,6302,0.268,0.339,0.453,0.3395620682,-5.079,74.10382293,24.71896721,32.172,108.000
2018BAL,1431,7.566039474,3.704403367,1.471698451,0.3103367083,0.7,5.188680437,4.980137062,7.113899993,6034,0.239,0.298,0.391,0.2987655094,-9.606,-104.071,-54.792,4.710621416,47.000
2018ATL,1456.2,8.791989032,3.923340151,0.9453087294,0.2782631038,0.741,3.750342475,3.986974597,15.06992283,6251,0.257,0.324,0.417,0.3188996842,12.63945525,-18.477,68.82332483,25.05712153,90.000
2018ARI,1463,8.907724038,3.211209909,1.070403303,0.2892331133,0.757,3.727956331,3.914360441,11.98460536,6157,0.235,0.31,0.397,0.3058723204,7.0709815,-81.011,72.11568937,18.65991421,82.000
2017WSN,1446.2,9.064287643,3.079493743,1.175806702,0.2873028187,0.744,3.882028476,3.99266339,22.98294952,6214,0.266,0.332,0.449,0.3307814677,11.86908156,2.375840874,16.93268248,22.89432675,97.000
2017TOR,1465,8.428669946,3.372696648,1.247099125,0.3033301158,0.718,4.423208718,4.308493551,16.57898558,6154,0.24,0.312,0.412,0.3115724512,-15.812,-72.569,-46.046,8.662450978,76.000
2017TEX,1434.1,6.946083737,3.507552673,1.342784029,0.2887009631,0.709,4.7,4.877602891,11.15124341,6122,0.244,0.32,0.43,0.3212328281,6.289752652,-70.142,-23.327,11.05872296,78.000
2017TBR,1445,8.42076722,3.132874195,1.202076977,0.2825380964,0.73,3.986161997,4.166637427,14.99301179,6147,0.245,0.317,0.422,0.316,11.21749936,1.113386433,-4.283,20.12902374,80.000
2017STL,1450.1,8.384,3.05929765,1.135601359,0.298102981,0.736,4.015,4.093287435,15.69548839,6219,0.256,0.334,0.426,0.3256460303,2.045937424,8.359818207,37.70443016,25.574,83.000
2017SFG,1452,7.648762772,3.074381147,1.128099534,0.3082080925,0.711,4.500001436,4.215491748,11.40279795,6137,0.249,0.309,0.38,0.2963879471,2.565628176,-134.11,15.98071199,8.956,64.000
2017SEA,1440.1,7.773199241,3.061790698,1.480906929,0.2828627069,0.727,4.455217893,4.700338341,9.336850269,6166,0.259,0.325,0.424,0.3207988334,-12.635,7.151,27.49957276,23.95626703,78.000
2017SDP,1430.2,8.335280529,3.485,1.421715773,0.2985710704,0.711,4.699210985,4.677911462,7.914391692,5954,0.234,0.299,0.393,0.2975306949,6.654632689,-132.713,23.83819658,9.259164945,71.000
2017PIT,1440.2,7.883847954,3.19227124,1.136973318,0.305601907,0.732,4.22929086,4.233,16.59110976,6136,0.244,0.318,0.386,0.3043436357,-2.235,-119.974,11.8149878,9.944678796,75.000
2017PHI,1441,8.175575025,3.29146527,1.380291887,0.3037667072,0.73,4.565580858,4.562914717,14.33315788,6133,0.25,0.315,0.409,0.3103070966,-9.525,-109.444,12.66319513,11.06697778,66.000
2017OAK,1431,7.559748642,3.157232794,1.320754754,0.294370229,0.689,4.673,4.56574643,9.553069651,6126,0.246,0.319,0.436,0.3226465016,-5.51,19.90339044,-52.13,17.16719585,75.000
2017NYY,1448.2,9.691676443,3.131157005,1.192821716,0.2801804192,0.745,3.746205702,3.880374162,23.37046723,6354,0.262,0.339,0.447,0.3355148512,11.0632063,82.34961513,-5.793,28.75234249,91.000
2017NYM,1434.2,8.619423246,3.720027645,1.380111437,0.3186653772,0.705,5.012313809,4.590725582,8.657392897,6169,0.25,0.32,0.434,0.3216870284,-11.266,-7.199,-0.958,20.00889002,70.000
2017MIN,1436,7.307803192,3.027160327,1.403900442,0.2962702322,0.725,4.600280911,4.714744034,8.884,6261,0.26,0.334,0.434,0.3288700086,14.36942519,39.71786157,38.63688977,28.62196348,85.000
2017MIL,1445.2,8.379531777,3.442705106,1.151718706,0.2978087649,0.748,3.996775186,4.23949486,17.05152531,6135,0.249,0.322,0.429,0.321,2.368968597,-48.543,67.79786341,22.62234297,86.000
2017MIA,1442.2,7.498613357,3.911506302,1.204020281,0.2977967306,0.707,4.816,4.690218664,5.537556221,6248,0.267,0.331,0.431,0.3245974213,1.39429653,9.005957332,37.95323479,25.76104635,77.000
2017LAD,1444.2,9.649973887,2.753575505,1.146284826,0.2808625337,0.778,3.382786198,3.669868898,21.71734394,6191,0.249,0.334,0.437,0.3296335841,5.841677693,40.69320191,56.60783427,30.57900326,104.000
2017LAA,1440.2,8.196212392,2.936143159,1.399353335,0.2886934673,0.749,4.198060006,4.427886502,11.02395676,6073,0.243,0.315,0.397,0.306782635,1.374553874,-61.289,22.41897458,16.32975269,80.000
2017KCR,1437.2,7.612336448,3.24901531,1.226988441,0.3031877214,0.709,4.632507378,4.429840771,13.67854008,6027,0.259,0.311,0.42,0.3122521344,2.503106283,-65.634,-15.719,11.94860984,80.000
2017HOU,1446,9.914932395,3.248960898,1.1950201,0.3004820568,0.737,4.120329721,3.908677109,19.01491111,6271,0.282,0.346,0.478,0.348602036,-0.44,162.600314,2.020989687,37.24100978,101.000
2017DET,1420.1,7.616518688,3.40905745,1.381365286,0.3199345642,0.687,5.360711157,4.725581299,11.47133123,6150,0.258,0.324,0.424,0.3207948658,-19.776,-37.741,-63.401,10.38819538,64.000
2017COL,1437.2,7.950386038,3.330397931,1.189427832,0.3054413543,0.722,4.513565617,4.323418561,18.58682003,6201,0.273,0.338,0.444,0.3324029765,-6.393,-105.755,37.72953936,14.15838178,87.000
2017CLE,1440.2,10.08282754,2.536324649,1.018278123,0.3034634415,0.775,3.304718569,3.32700613,30.35328872,6234,0.263,0.339,0.449,0.3359313322,11.07322457,48.838,33.18112757,28.8968882,102.000
2017CIN,1430,8.182,3.971330812,1.560840002,0.2962779156,0.711,5.167135652,5.079319529,5.321494889,6213,0.253,0.329,0.433,0.3249787002,-5.347,-47.401,54.636343,21.68937097,68.000
2017CHW,1421.2,7.552404282,4.000938396,1.532004892,0.2809348093,0.724,4.779602039,5.169363767,4.362199318,6059,0.256,0.314,0.417,0.3130343656,-1.942,-36.369,-5.536,15.98115601,67.000
2017CHC,1447.1,8.948178072,3.444955283,1.206356182,0.2853437095,0.742,3.954858411,4.196792346,16.81074997,6283,0.255,0.338,0.437,0.3310098586,-6.779,4.825284366,48.49644174,26.51241264,92.000
2017BOS,1482.1,9.592988614,2.823252978,1.183944797,0.3026985743,0.757,3.733979745,3.77625976,23.18870968,6338,0.258,0.329,0.407,0.3163642826,4.864877698,-63.983,5.024,15.21174136,93.000
2017BAL,1441,7.700900545,3.616237969,1.511450066,0.3022254128,0.722,4.9715465,4.959860475,8.613298898,6140,0.26,0.312,0.435,0.3182896627,-14.91,-51.263,-47.58,10.58373948,75.000
2017ATL,1441.1,7.855228894,3.646624542,1.19889026,0.3024750119,0.701,4.720630401,4.50500411,8.959,6216,0.263,0.326,0.412,0.3156382583,4.262460594,-87.584,24.70732628,14.72144887,72.000
2017ARI,1441,9.256078437,3.222764152,1.06800905,0.2944372574,0.742,3.672452173,3.79678009,22.86423819,6224,0.254,0.329,0.445,0.3292310541,12.41214397,-27.911,31.22638616,21.33636347,93.000
2016WSN,1459.2,9.100708139,2.885590386,0.9556976704,0.2878865979,0.75,3.520666902,3.583656023,23.49875498,6201,0.256,0.326,0.426,0.3216047727,15.95792288,-16.45,43.85031553,22.815,95.000
2016TOR,1459.1,8.103703162,2.843080029,1.128597929,0.282,0.745,3.792829105,4.044925648,16.82106868,6233,0.248,0.33,0.426,0.3266412554,-9.031,21.85168362,-2.432,23.7199321,89.000
2016TEX,1443,7.197507265,3.330562287,1.253638614,0.292,0.728,4.384616644,4.578309763,12.61544556,6089,0.262,0.322,0.433,0.3240014899,2.03199571,-37.015,1.214632615,17.57065586,95.000
2016TBR,1426.1,8.562517412,3.09815479,1.325076387,0.2972905168,0.742,4.196075224,4.257811228,10.57234958,6046,0.243,0.307,0.426,0.3145078115,-0.366,-13.046,-25.689,17.12058985,68.000
2016STL,1448.1,8.016109678,2.951668292,0.988032123,0.304,0.718,4.076409262,3.883969156,16.57761387,6223,0.255,0.325,0.443,0.3289138854,-17.055,18.92658757,23.12289876,24.38366091,86.000
2016SFG,1460.1,8.067333479,2.705545758,0.9737499539,0.287,0.743,3.691621661,3.756704384,14.21343253,6271,0.258,0.329,0.398,0.315,-2.815,-34.821,72.378,24.07918255,87.000
2016SEA,1457,8.141390926,2.841,1.315717957,0.2918800293,0.749,3.996570508,4.298252096,14.45327346,6227,0.259,0.326,0.43,0.3252820986,-13.547,44.63248478,-27.838,23.4305641,86.000
2016SDP,1440,7.637502242,3.556251044,1.143750336,0.2956438943,0.713,4.443751304,4.397264731,8.62092669,6000,0.235,0.299,0.39,0.2973248207,24.76303169,-92.302,-1.607,9.76,68.000
2016PIT,1450.2,7.643378949,3.306754042,1.116727444,0.3063799953,0.725,4.224952163,4.303968301,8.986054516,6261,0.257,0.332,0.402,0.3184332586,-6.654,-26.467,46.29624818,22.23387984,78.000
2016PHI,1437,8.135699774,2.918580519,1.334029293,0.3035800677,0.705,4.640918809,4.344899832,13.90531143,5992,0.24,0.301,0.385,0.2959934292,0.8822536394,-137.484,20.84980002,7.410035442,71.000
2016OAK,1433.1,7.459532431,2.913487414,1.161627525,0.2992717876,0.707,4.514649679,4.242616071,13.669511,6022,0.246,0.304,0.395,0.3018854007,-22.249,-100.552,-62.161,4.358052882,69.000
2016NYY,1428.1,8.777357935,2.798,1.348423976,0.2922094508,0.742,4.164991813,4.196044239,18.66184172,6058,0.252,0.314,0.405,0.3106847022,10.58395062,-49.707,-11.926,14.82071378,84.000
2016NYM,1447,8.682794057,2.730477501,0.9454045106,0.3080346106,0.756,3.582585514,3.565367532,21.50441198,6115,0.246,0.316,0.417,0.3146168068,-8.619,-17.725,36.39472344,21.64411255,87.000
2016MIN,1443,7.428278001,2.987527424,1.378379041,0.3185759927,0.683,5.089399537,4.567915025,10.7197452,6245,0.251,0.316,0.421,0.3169706746,7.804581581,-28.534,-29.735,15.81675372,59.000
2016MIL,1434.1,7.372759625,3.338134571,1.11689465,0.3002124144,0.731,4.097,4.372225846,11.11388791,6061,0.244,0.322,0.407,0.3152030215,5.226136593,-55.196,12.28784993,15.17247104,73.000
2016MIA,1435,8.64878426,3.731708945,0.9533105203,0.303,0.74,4.051569711,3.973051116,15.5449583,6133,0.263,0.322,0.394,0.309,2.379709519,-40.13,40.46141429,19.82677127,79.000
2016LAD,1453,9.353063454,2.874053936,1.02202349,0.2880690738,0.738,3.704060891,3.611814283,19.978958,6164,0.249,0.319,0.409,0.3144882699,2.004633443,-20.161,39.43367755,21.86391079,91.000
2016LAA,1421.1,7.193244625,3.153376605,1.31707296,0.3012790147,0.75,4.280487119,4.619834224,7.986568684,6041,0.26,0.322,0.405,0.3141073584,-16.798,-27.364,-15.875,16.64257898,74.000
2016KCR,1440,8.043748094,3.231249234,1.287499695,0.2983949416,0.754,4.212499002,4.420875173,12.05914602,6052,0.261,0.312,0.4,0.3071691097,-4.304,-83.936,-7.017,11.80133388,81.000
2016HOU,1468,8.559,2.777247422,1.109672811,0.3064947701,0.734,4.064713114,3.852973053,17.60940041,6204,0.247,0.319,0.417,0.3167488212,-5.412,2.821628173,25.40965017,24.51995522,84.000
2016DET,1428,7.764703359,2.911763759,1.147058451,0.2996845426,0.722,4.24159526,4.155673233,18.45816829,6127,0.267,0.331,0.438,0.3299244708,-16.941,27.03508404,-41.48,19.88709746,86.000
2016COL,1429.1,7.70079381,3.444263462,1.139692297,0.3165417057,0.68,4.917677813,4.376514093,13.13487221,6236,0.275,0.336,0.457,0.3387094795,1.113046359,-44.966,52.66009225,20.912,75.000
2016CLE,1445,8.707,2.871281289,1.158477917,0.2893272635,0.734,3.855364681,3.912660155,18.18568408,6155,0.262,0.329,0.43,0.3264241478,15.78417137,14.08331011,13.0420737,24.23599977,94.000
2016CIN,1442,7.745494857,3.969488098,1.61026404,0.2899637243,0.728,4.911929454,5.237,0.9611062128,6094,0.256,0.316,0.408,0.3111736952,-4.329,-89.878,3.117036654,10.7943,68.000
2016CHW,1446.2,7.900921479,3.241244166,1.150921633,0.2980004818,0.74,4.118433086,4.274680493,17.10741146,6131,0.257,0.317,0.41,0.3138715077,-2.486,-27.214,-20.996,16.44798282,78.000
2016CHC,1459.2,8.884906256,3.052067034,1.005024094,0.2551047468,0.775,3.150719706,3.770685086,18.8368942,6335,0.256,0.343,0.429,0.3333257462,17.29244678,61.28784855,89.90712812,35.90710426,103.000
2016BOS,1439.2,8.514466318,3.063207412,1.100254091,0.293,0.729,4.000923967,4.000239287,18.80350361,6320,0.282,0.348,0.461,0.3464988847,10.60098668,109.8582105,-9.177,32.33364236,93.000
2016BAL,1432,7.84357415,3.425278775,1.150139479,0.2991452991,0.738,4.217178088,4.313469172,15.73646323,6089,0.256,0.317,0.443,0.3256295046,2.472511243,22.58588916,-22.077,21.28388141,89.000
2016ATL,1447.2,7.628136706,3.400644481,1.100391359,0.2925041381,0.702,4.50725274,4.319491782,9.020057992,6192,0.255,0.321,0.384,0.3042139188,-6.109,-110.775,34.80108736,12.21366905,68.000
2016ARI,1451.1,8.173174582,3.739320389,1.252641324,0.3197087151,0.687,5.091180828,4.504,10.11231946,6260,0.261,0.32,0.432,0.3213241377,17.71655744,-39.923,3.836702893,16.51240074,69.000
2015WSN,1434.2,8.41867663,2.283456254,0.9096185628,0.3000737282,0.727,3.619654557,3.452837728,22.19,6117,0.251,0.321,0.403,0.3145229696,-2.267,-29.672,9.410520057,17.90588866,83.000
2015TOR,1441,6.976408967,2.479529418,1.080500225,0.2784332232,0.727,3.809856284,4.09335063,13.68345885,6231,0.269,0.34,0.457,0.344,10.97187246,135.8697448,6.550847009,36.72847696,93.000
2015TEX,1442.2,6.831099728,3.169131198,1.066774478,0.294198264,0.724,4.254621018,4.343858714,11.04333543,6187,0.257,0.325,0.413,0.3205619883,21.60019986,4.778720652,-3.027,21.6450013,88.000
2015TBR,1453.1,8.391059696,2.95390072,1.083716197,0.2836155378,0.751,3.740369045,3.913875611,14.68287677,6071,0.252,0.314,0.406,0.3130783453,-13.398,-16.248,2.503301486,19.59778655,80.000
2015STL,1464.2,8.166363576,2.931042457,0.756,0.2971153846,0.794,2.937187201,3.47975381,20.56008575,6139,0.253,0.321,0.394,0.3109734576,0.862889881,-21.245,53.78875004,23.58289125,100.000
2015SFG,1444.1,7.259406141,2.68566871,0.9658437355,0.2825570342,0.745,3.733,3.91458327,8.75387903,6153,0.267,0.326,0.406,0.3182644198,-0.355,25.54533369,62.0223168,29.46917875,84.000
2015SEA,1463,7.892679501,3.020503223,1.113464528,0.2975226298,0.728,4.16472644,4.138383777,9.082441356,6131,0.249,0.311,0.411,0.3127866303,-23.05,-20.742,-15.776,17.38861123,76.000
2015SDP,1440.1,8.704236793,3.224254261,1.068502865,0.3031068452,0.711,4.092803373,3.92994354,9.714753094,6019,0.243,0.3,0.385,0.2980006995,5.032982907,-63.231,31.49134057,16.36629969,74.000
2015PIT,1489.2,8.08368794,2.736853989,0.6645782312,0.3024298184,0.75,3.226225232,3.360496355,19.46566895,6285,0.26,0.323,0.396,0.3127321806,3.500529734,-17.453,49.5791343,24.01733666,98.000
2015PHI,1436.1,7.224644479,3.057785348,1.196797134,0.3156116242,0.711,4.693199233,4.403499875,10.29412139,6053,0.249,0.303,0.382,0.2983104699,-1.906,-100.275,-3.906,8.788608007,63.000
2015OAK,1444.2,7.345,2.952929537,1.071527174,0.2890037594,0.71,4.161512512,4.131061614,13.03463525,6171,0.251,0.312,0.395,0.3078692372,-0.975,-34.144,-60.721,11.33432351,68.000
2015NYY,1457.2,8.458727526,2.926596239,1.123714168,0.3003163787,0.738,4.031787646,3.967810222,18.4168166,6268,0.251,0.323,0.421,0.3229684073,2.979824532,25.25431967,-35.301,20.67360104,87.000
2015NYM,1462.2,8.226756232,2.356654927,0.9352781954,0.2878934625,0.743,3.451914919,3.532187075,19.00692788,6145,0.244,0.312,0.4,0.309186893,6.199430555,-6.853,48.69554045,24.58958297,90.000
2015MIN,1443,6.523906815,2.575882901,1.01663175,0.3000446828,0.728,4.072764006,4.096177659,15.99092501,6017,0.247,0.305,0.399,0.3051294841,-5.488,-80.412,-2.108,12.11061383,83.000
2015MIL,1435,7.902439182,3.242508775,1.103832775,0.3033816425,0.721,4.277352002,4.167746311,9.900374441,6024,0.251,0.307,0.393,0.3036129769,1.495727525,-87.878,20.69511347,12.62066185,68.000
2015MIA,1427,7.265593674,3.203924988,0.8892783923,0.2937812723,0.723,4.03644093,3.980832082,12.20683507,5988,0.26,0.31,0.384,0.3015140192,-1.205,-67.256,26.85088576,15.34481125,71.000
2015LAD,1445.2,8.691,2.459073606,0.902697906,0.296109146,0.747,3.455154054,3.404755182,19.70736019,6090,0.25,0.326,0.413,0.3217682433,-15.298,28.16077935,57.33344548,29.04253533,92.000
2015LAA,1440.2,7.627721019,2.911153149,1.03702022,0.2849952061,0.733,3.94192626,4.054701577,12.16432837,5990,0.246,0.307,0.396,0.3049580817,0.521492477,-37.012,2.320017518,17.0935069,85.000
2015KCR,1452,7.190090087,3.030994873,0.9607447961,0.2859492481,0.75,3.737607175,4.041314387,13.82514105,6116,0.269,0.322,0.412,0.317963981,-0.271,-8.294,13.80118274,21.79728324,95.000
2015HOU,1441,7.994448417,2.641915375,0.924,0.2849422746,0.738,3.572519136,3.662399401,18.85719817,6073,0.25,0.315,0.437,0.3246133725,8.134,66.7449412,-19.61,26.06663961,86.000
2015DET,1447,6.841743126,3.041465808,1.20041493,0.297706422,0.697,4.639945793,4.456336953,11.65774365,6159,0.27,0.328,0.42,0.3236051068,-27.611,-8.575,-31.616,17.0959619,74.000
2015COL,1426.1,7.016595661,3.653425259,1.154709538,0.3182854537,0.699,5.041600659,4.561036876,8.262040816,6071,0.265,0.315,0.432,0.3208674434,4.704339132,-91.874,-4.167,9.711591464,68.000
2015CLE,1432.2,8.838760992,2.669846071,1.011400512,0.288118043,0.728,3.681246582,3.620803232,21.05308189,6109,0.256,0.325,0.401,0.315,8.058419646,-15.622,-4.516,19.05098313,81.000
2015CIN,1453.1,7.753205011,3.368804733,1.096100069,0.2969339623,0.717,4.347,4.236580747,10.8012348,6196,0.248,0.312,0.394,0.3069203294,10.8942622,-52.067,16.05528071,16.4931458,64.000
2015CHW,1452.2,8.419686761,2.936667789,1.00367127,0.3106207565,0.729,3.98370757,3.819235466,17.40394154,6070,0.25,0.306,0.38,0.2997231388,-15.223,-94.275,-21.553,8.75901206,76.000
2015CHC,1461.1,8.81318293,2.506614572,0.825,0.2870067856,0.727,3.362681956,3.297149193,22.92551224,6200,0.244,0.321,0.398,0.3133252229,15.1255803,-15.767,63.61997015,25.40786399,97.000
2015BOS,1448.1,7.568700603,2.970311074,1.106099103,0.3050373134,0.717,4.337399853,4.167892368,11.82146602,6237,0.265,0.325,0.415,0.321,1.366209143,-5.884,-28.941,17.93605,78.000
2015BAL,1434.2,7.734899228,3.02997269,1.091542957,0.298,0.736,4.052510058,4.114315747,15.75244144,6007,0.25,0.307,0.421,0.3149945122,-4.916,-23.927,-5.851,17.67404489,81.000
2015ATL,1425.1,7.248834689,3.472873762,1.073433708,0.3050767414,0.714,4.413706836,4.342440654,6.988328729,6034,0.251,0.314,0.359,0.2957042624,-2.718,-115.545,22.4493107,9.902968836,67.000
2015ARI,1466.2,7.455677004,3.068179837,1.116817461,0.2940630798,0.737,4.049997385,4.210871981,10.57606308,6276,0.264,0.324,0.414,0.319,12.5338081,-23.312,32.62842858,21.56675339,79.000
2014WSN,1470.2,7.882134749,2.154123782,0.673,0.2941455321,0.749,3.029236569,3.175087712,24.293684,6216,0.253,0.321,0.393,0.3167026943,15.26070058,8.428310075,42.43418095,26.17579367,96.000
2014TOR,1443,7.478169302,3.056132576,0.9417877937,0.2936750529,0.727,4.004157374,3.968008727,14.22828546,6167,0.259,0.323,0.414,0.3250923282,0.04678653739,44.91019175,-37.026,22.1682382,83.000
2014TEX,1426.1,7.003974289,3.186492807,1.00958188,0.3097040606,0.704,4.493,4.224561529,9.259647164,6026,0.256,0.314,0.375,0.3051979176,-1.784,-66.803,-17.018,11.62221018,67.000
2014TBR,1463.2,8.836027599,2.963789355,0.8915963826,0.2861062609,0.741,3.56023659,3.563359078,14.09346821,6205,0.247,0.317,0.367,0.3048742273,0.9921299606,-19.901,9.491463732,20.29287606,77.000
2014STL,1448.2,7.585594567,2.919925837,0.7641508041,0.2856461612,0.744,3.503911004,3.64996737,15.94105861,6086,0.253,0.32,0.369,0.3075639942,-15.518,-48.997,29.93096646,18.0747352,90.000
2014SFG,1449,7.521740548,2.416149524,0.8260871123,0.2819340871,0.727,3.50310625,3.577384682,9.392745348,6087,0.255,0.311,0.388,0.3081093487,0.5068733082,-5.124,52.77851857,25.39645737,88.000
2014SEA,1452,8.163222389,2.869834447,0.849,0.2754057428,0.768,3.173553427,3.608834001,13.57235832,5977,0.244,0.3,0.376,0.2991466537,3.226196658,-37.518,-1.503,16.36695306,87.000
2014SDP,1438.2,8.032438001,2.89017629,0.7319277617,0.2887478643,0.749,3.271779653,3.463807043,12.20292528,5905,0.226,0.292,0.342,0.2831205603,-6.189,-128.686,56.9289103,11.69533305,77.000
2014PIT,1456.1,7.588924005,3.083772865,0.791,0.29,0.742,3.491646631,3.797619853,8.229276216,6224,0.259,0.33,0.404,0.324547767,3.821,61.57713017,36.71988167,31.40531506,88.000
2014PHI,1468.1,7.692,3.193414729,0.821,0.2947220925,0.722,3.806354216,3.814655985,16.63683044,6198,0.242,0.302,0.363,0.295,10.58393417,-85.533,4.160552108,11.61156416,73.000
2014OAK,1463.1,7.651023827,2.497038323,0.9041000825,0.2719340766,0.759,3.222778525,3.668696406,17.39809099,6245,0.244,0.32,0.381,0.3115405275,11.01647585,27.18684402,-30.359,21.22489814,88.000
2014NYY,1453,8.485893699,2.465245031,1.015829611,0.2982754433,0.733,3.74742021,3.66975878,17.51759438,6082,0.245,0.307,0.38,0.305,3.239,-38.461,11.74538286,18.07945331,84.000
2014NYM,1463.2,8.012076507,3.129813463,0.8670013718,0.295,0.757,3.492601271,3.749877478,12.72445348,6145,0.239,0.308,0.364,0.2990152237,-0.355,-56.025,32.58807494,17.79071394,79.000
2014MIN,1435,6.466203957,2.558885756,0.9219514856,0.3145601397,0.689,4.578398534,3.974062113,14.29930835,6233,0.254,0.324,0.389,0.3163952368,20.93628556,23.82486477,-72.62,16.17916477,70.000
2014MIL,1457.2,7.693121302,2.661103757,1.031100528,0.2888625592,0.74,3.667507266,3.885509091,10.91417352,6065,0.25,0.311,0.397,0.312531396,-12.123,-56.175,62.21063174,20.75845651,82.000
2014MIA,1457.2,7.347358817,2.827807007,0.7038646261,0.3102587381,0.719,3.790990179,3.56,16.71235007,6185,0.253,0.317,0.378,0.3070517039,-5.576,-42.347,6.995336595,16.61634171,77.000
2014LAD,1464.2,8.436734129,2.636095369,0.8725537119,0.2924205379,0.74,3.404188425,3.480452208,19.524,6231,0.265,0.333,0.406,0.327,-0.405,81.41802618,20.32156522,31.80612042,94.000
2014LAA,1482.2,8.146130574,3.059351572,0.765,0.2849903475,0.733,3.581383784,3.574021469,14.52101845,6284,0.259,0.322,0.406,0.3206996115,1.299362144,67.2702074,11.53027998,30.35109733,98.000
2014KCR,1450.2,7.246323695,2.729779474,0.7941176652,0.2919470875,0.739,3.505285006,3.694750036,17.20015167,6058,0.263,0.314,0.376,0.306,4.832345887,-47.773,28.14006533,18.77338419,89.000
2014HOU,1438.2,7.112835921,3.028,0.869555139,0.2989405804,0.703,4.141334547,3.925345477,9.852528682,6055,0.242,0.309,0.383,0.3075616127,3.602329873,-8.1,-57.905,13.67654357,70.000
2014DET,1454,7.700138076,2.859697581,0.7861073437,0.312326228,0.707,4.011004399,3.596,19.65676766,6202,0.277,0.331,0.426,0.331,-7.266,73.03960418,-41.879,24.84226155,90.000
2014COL,1431,6.754714978,3.339621651,1.088049992,0.307,0.692,4.855344472,4.429244747,7.229606028,6164,0.276,0.327,0.445,0.3373068614,-12.264,-33.057,2.221028443,17.042,66.000
2014CLE,1468.1,8.888,2.844040743,0.8274687506,0.3091042584,0.732,3.573,3.418969648,20.30289712,6222,0.253,0.317,0.389,0.3130437579,9.924094347,-1.673,-65.597,14.11474354,85.000
2014CIN,1446,8.029048744,3.155602878,1.014523213,0.2771173848,0.765,3.585063625,4.008460596,12.83712881,5978,0.238,0.296,0.365,0.2941223421,-1.192,-115.356,69.12539555,14.73719151,76.000
2014CHW,1441,7.195001067,3.478832981,0.8743924908,0.3062024441,0.704,4.297,4.099633461,10.72967817,6077,0.253,0.31,0.398,0.3123444181,-13.07,-23.452,-46.382,13.33258016,73.000
2014CHC,1463.1,8.063092008,3.099769925,0.7072887727,0.3038124556,0.696,3.924,3.50810396,20.49534019,6102,0.239,0.3,0.385,0.3025235831,4.025563454,-59.515,15.15951427,15.35370674,73.000
2014BOS,1465.2,7.448491628,2.959746879,0.9456452685,0.3008073818,0.718,4.009781561,3.925746017,10.5581318,6226,0.244,0.316,0.369,0.3045817094,-8.071,-82.927,44.83384524,17.32889362,71.000
2014BAL,1461.1,7.230387721,2.906936119,0.93,0.2803672316,0.77,3.436589734,3.958892874,12.91638508,6130,0.256,0.311,0.422,0.3226596236,-6.233,21.88281421,34.44716565,27.354,96.000
2014ATL,1455,8.047428659,2.919589798,0.7484541643,0.3002887392,0.75,3.383507668,3.474518318,18.56235467,6064,0.241,0.305,0.36,0.2962906696,-4.378,-98.858,32.66020338,12.83201329,79.000
2014ARI,1444.1,7.963540131,2.922457216,0.96,0.3118764846,0.703,4.255945156,3.828765531,8.198,6089,0.248,0.302,0.376,0.2995102554,1.510404796,-112.772,47.45020662,13.01096562,64.000
2013WSN,1445.2,7.694717862,2.521327455,0.8840209842,0.2911813644,0.737,3.585887936,3.554882464,17.27421603,6047,0.251,0.313,0.398,0.3114300371,3.116286009,-34.709,16.26471321,17.56113543,86.000
2013TOR,1452,7.487598418,3.099171531,1.208676897,0.2933208781,0.723,4.264460026,4.297160564,9.48443858,6152,0.252,0.318,0.411,0.3201311213,3.818323594,-2.801,-39.104,17.00513908,74.000
2013TEX,1463.1,8.051,3.062870054,0.9656036113,0.2934204161,0.755,3.628701469,3.772907007,21.21790206,6196,0.262,0.323,0.412,0.3227242623,2.001963249,-22.5,3.897113752,19.67441922,91.000
2013TBR,1464,8.053275894,2.963113726,0.9405734441,0.2843857073,0.736,3.737703621,3.71110122,14.47686763,6242,0.257,0.329,0.408,0.3237602687,2.472304317,50.0783808,9.184721408,28.24062371,92.000
2013STL,1459.2,7.731900068,2.780771077,0.6905684271,0.2969452996,0.745,3.428178978,3.385598333,17.31135354,6202,0.269,0.332,0.401,0.3222044988,-9.089,20.98972359,35.0110054,26.0983239,97.000
2013SFG,1447.1,7.810226153,3.239751454,0.9016582741,0.2946790742,0.721,3.99838807,3.798195591,7.125799241,6168,0.26,0.32,0.381,0.309,-4.08,-1.708,66.29949531,26.91567766,76.000
2013SEA,1465,7.967919473,2.936519281,1.068942165,0.3031652989,0.707,4.319,3.886075486,15.73439144,6172,0.237,0.306,0.39,0.3067878291,-6.918,-41.145,-66.663,9.96117053,71.000
2013SDP,1455,7.243295607,3.247421173,0.9649480057,0.2918124563,0.725,3.977317742,3.996990537,8.443399695,6122,0.245,0.308,0.378,0.3021326487,8.816423977,-35.42,24.38369968,18.60328863,76.000
2013PIT,1470.2,7.716912425,3.151633544,0.6180873552,0.2852380952,0.75,3.27402708,3.419110476,16.79272602,6135,0.245,0.313,0.396,0.3116262011,1.81479104,-3.418,30.84567472,22.7973153,94.000
2013PHI,1436.1,7.513,3.171,0.952425263,0.3057755007,0.705,4.336041329,3.94040066,13.71706879,6014,0.248,0.306,0.384,0.3028566825,-7.364,-81.953,-15.794,8.894,73.000
2013OAK,1452,7.333,2.65289443,1.01033129,0.276056338,0.748,3.557853745,3.834352015,16.64112956,6209,0.254,0.327,0.419,0.3268081296,9.993,66.14826286,-32.393,25.37171034,96.000
2013NYY,1447.1,7.667208205,2.717412802,1.063335444,0.302407932,0.746,3.942424981,3.891470992,14.82130601,6044,0.242,0.307,0.376,0.3012044818,4.43200102,-89.194,28.08739085,14.55437213,85.000
2013NYM,1476.2,7.36862324,2.791422204,0.9264108623,0.2947897623,0.729,3.784875957,3.788707894,18.08678682,6207,0.237,0.306,0.366,0.2967902476,23.0251397,-49.221,16.12580024,16.49697049,74.000
2013MIN,1450.1,6.112387677,2.842105133,1.042518913,0.3092133855,0.702,4.554814777,4.233784298,11.47126779,6212,0.242,0.312,0.38,0.306766215,1.240818257,-66.069,-35.388,10.7866527,66.000
2013MIL,1442.2,7.018250129,2.907115165,1.091727798,0.2857142857,0.735,3.836643404,4.123635191,5.2927301,6064,0.252,0.311,0.398,0.3111673638,-6.881,-65.992,94.01060308,22.632,74.000
2013MIA,1460,7.255478805,3.242,0.7458903444,0.2922002328,0.732,3.710958573,3.69031578,14.5508039,6021,0.231,0.293,0.335,0.2789917786,-5.205,-178.878,29.45187438,3.338250134,62.000
2013LAD,1450.1,8.017466076,2.854515785,0.7880945756,0.2905109489,0.755,3.251665808,3.445000107,20.62154499,6145,0.264,0.326,0.396,0.3170473895,-7.973,14.71377918,37.21318124,25.47427847,92.000
2013LAA,1457.2,7.409104143,3.29087709,1.031100327,0.3004824259,0.723,4.241712122,4.080322467,10.10361066,6260,0.264,0.329,0.414,0.3249756623,-9.701,54.75519887,-57.971,21.55926541,78.000
2013KCR,1448.1,7.506558519,2.914,0.963,0.2899904215,0.769,3.448791373,3.827366693,17.46523745,6093,0.26,0.315,0.379,0.3048885348,18.19385713,-57.427,39.64020218,19.40205522,86.000
2013HOU,1440,6.775004127,3.850002345,1.193750727,0.3027356998,0.7,4.79375292,4.66660107,2.171001161,6020,0.24,0.299,0.375,0.298,-8.896,-112.714,-64.445,1.943178702,51.000
2013DET,1462.2,8.786690567,2.84275283,0.788,0.3057403301,0.737,3.611895912,3.266628561,26.26425352,6388,0.283,0.346,0.434,0.3411779647,-18.986,83.72264568,-35.254,27.58636571,93.000
2013COL,1436,6.668523332,3.240250529,0.8523676439,0.3137385883,0.702,4.437,3.960802683,16.41241392,6152,0.27,0.323,0.418,0.3241488772,17.42514911,-72.686,15.0923958,13.67464002,74.000
2013CLE,1441.1,8.610782133,3.459298986,0.9179006335,0.302,0.742,3.81521964,3.734020701,16.77202191,6165,0.255,0.327,0.41,0.3241092065,11.54527292,39.31491996,-29.534,22.62981497,92.000
2013CIN,1473.2,7.91495136,2.656638767,1.038226644,0.2734793187,0.775,3.383397418,3.808537711,18.04175109,6293,0.249,0.327,0.391,0.3155403018,-2.026,-32.88,52.39698006,22.4542926,90.000
2013CHW,1455,7.725778371,3.148455717,1.12577395,0.2947318462,0.731,3.995878965,4.130325036,15.26986737,6077,0.249,0.302,0.378,0.2993954581,-12.72,-117.486,-29.022,5.451188283,63.000
2013CHC,1448,7.359115854,3.356353514,0.9944751154,0.2788484416,0.728,3.99654687,4.096192602,11.31323958,6079,0.238,0.3,0.392,0.3043731278,-11.912,-78.345,27.29330341,14.14486748,66.000
2013BOS,1454,8.009632384,3.243467828,0.9656125594,0.2935468219,0.745,3.794362173,3.840835327,15.75888388,6382,0.277,0.349,0.446,0.3465538117,13.34164135,116.7469764,11.86728513,36.21666898,97.000
2013BAL,1453,7.240882868,2.93,1.251204739,0.2908235294,0.746,4.199588182,4.325895849,11.14234838,6144,0.26,0.313,0.431,0.3233276248,13.75364616,16.36662993,22.7152147,25.719,85.000
2013ATL,1450.1,7.645136862,2.538036507,0.7880944655,0.287529976,0.77,3.177199735,3.438794583,17.93143283,6133,0.249,0.321,0.402,0.3181445969,-5.711,3.788746544,50.06509694,25.6434759,96.000
2013ARI,1495,7.332442356,2.919732793,1.0595319,0.2918845192,0.745,3.919064018,4.042499034,8.467200661,6334,0.259,0.323,0.391,0.3135538359,-18.529,-69.378,59.35022513,19.39766779,81.000
2012WSN,1468.1,8.121453122,3.046311095,0.7906924171,0.2822249093,0.751,3.340522227,3.543258373,19.46111352,6221,0.261,0.322,0.428,0.3240501059,-4.134,4.668396334,32.95623385,23.68968132,98.000
2012TOR,1443.2,7.119373006,3.578388884,1.271761903,0.2912049045,0.72,4.644424597,4.656445336,6.875296333,6094,0.245,0.309,0.407,0.3110615611,2.487509117,-55.789,-13.983,14.30193762,73.000
2012TEX,1442,8.026354718,2.783634685,1.09223334,0.2920611799,0.715,4.019418693,3.901662637,22.24911423,6216,0.273,0.334,0.446,0.3358255069,-5.774,39.5270903,-27.339,23.3219623,93.000
2012TBR,1459.2,8.527291668,2.8917569,0.8570452219,0.2766118837,0.755,3.193880755,3.512353933,20.4377868,6105,0.24,0.317,0.394,0.3112483258,-0.69,-1,20.83612695,23.72964887,90.000
2012STL,1462.2,7.494525911,2.682769538,0.825,0.2976851852,0.732,3.710344108,3.616783502,16.24278336,6326,0.271,0.338,0.421,0.3291829254,-1.631,46.482,33.854,28.49796952,88.000
2012SFG,1451,7.672643492,3.033082189,0.880772333,0.2889310263,0.736,3.678154884,3.778116975,10.9181456,6200,0.269,0.327,0.397,0.3143795162,12.96422336,22.39566193,66.72326648,29.0183248,94.000
2012SEA,1456.2,7.204123374,2.774143563,1.025629914,0.281899811,0.742,3.762702517,4.000629228,17.61822777,6057,0.234,0.296,0.369,0.2912243441,0.1337066665,-89.635,-30.261,8.918996458,75.000
2012SDP,1434.2,7.559244826,3.381272167,1.01626362,0.2844889207,0.718,4.014868621,4.110016782,7.831187186,6112,0.247,0.319,0.38,0.3066085216,13.82845122,-8.394,29.05051584,21.56589329,76.000
2012PIT,1433.1,7.484649555,3.076743525,0.960697468,0.2855110268,0.726,3.911859625,3.938636053,13.74896356,6014,0.243,0.304,0.395,0.3036122196,-0.268,-67.834,-16.987,10.20337873,79.000
2012PHI,1451.1,8.588654289,2.536288523,1.103812609,0.2980769231,0.729,3.857142937,3.716636696,19.76796318,6172,0.255,0.317,0.4,0.3113870933,10.70768572,-40.755,58.9194629,21.49522479,81.000
2012OAK,1470,6.955,2.828573283,0.9000005899,0.2794930876,0.754,3.495920659,3.885607169,19.498,6183,0.238,0.31,0.404,0.3110203587,19.43066414,0.2620757785,-24.404,19.3984503,94.000
2012NYY,1445.1,8.207106774,2.683811092,1.183118579,0.2955821333,0.751,3.854475791,3.975908123,17.01468176,6231,0.265,0.337,0.453,0.3415228533,2.3243507,97.25650239,12.14561303,33.56071573,95.000
2012NYM,1434,7.782426858,3.062761538,1.010460261,0.2903536204,0.711,4.092050251,3.92917823,14.33940056,6091,0.249,0.316,0.386,0.3062434092,-3.175,-48.786,16.07224802,15.90730979,74.000
2012MIN,1438.2,5.899212461,2.908943578,1.238646943,0.2940013184,0.689,4.766913992,4.6611787,5.911244043,6209,0.26,0.325,0.39,0.3127912208,0.7213783041,-32.509,-57.544,12.58490246,66.000
2012MIL,1453.2,8.680121301,3.250402056,1.0463199,0.3130160272,0.721,4.222427052,3.824,14.30238909,6224,0.259,0.325,0.437,0.3294089463,12.08629288,29.47710604,52.2473788,28.31975763,83.000
2012MIA,1440.2,6.953034651,3.092319993,0.830865776,0.2995444191,0.703,4.104351991,3.894774532,13.50316256,6057,0.244,0.308,0.382,0.3,2.454861037,-92.902,10.9316073,10.63850351,69.000
2012LAD,1449.2,7.922,3.346285162,0.7574151944,0.2826725404,0.748,3.352,3.636643578,20.81310555,6091,0.252,0.317,0.374,0.3017587841,-8.608,-81.931,28.93356719,13.78210133,86.000
2012LAA,1433.1,7.264882774,3.032790302,1.167906825,0.2766314779,0.726,4.018604127,4.261659338,10.43244657,6121,0.274,0.332,0.433,0.331,13.51163881,109.7766608,5.883,33.82621111,89.000
2012KCR,1451.1,7.298806555,3.361047709,1.010794791,0.3112090972,0.724,4.297428159,4.176903232,15.08248517,6149,0.265,0.317,0.4,0.3110557663,-7.396,-50.82,-35.684,12.74388418,72.000
2012HOU,1423.1,7.398128741,3.414520957,1.093911344,0.3064778268,0.7,4.565340984,4.269860386,9.251960725,6014,0.236,0.302,0.371,0.295696255,-16.949,-144.421,17.68510321,5.811752236,55.000
2012DET,1430.2,8.291240138,2.755359014,0.9499068747,0.307,0.727,3.768173629,3.630563928,24.46620331,6119,0.268,0.335,0.422,0.3282705374,-17.829,15.44600994,-27.155,20.4741613,88.000
2012COL,1422,7.241,3.582278319,1.2531645,0.3249040415,0.689,5.215189637,4.588824241,9.192,6183,0.274,0.33,0.436,0.3308741169,2.844435543,-73.806,-14.744,10.34916821,64.000
2012CLE,1442,6.778088065,3.389044032,1.08599201,0.3003389831,0.676,4.787102713,4.400969311,12.627,6195,0.251,0.324,0.381,0.3099764317,-13.557,-37.735,-93.232,8.248451587,68.000
2012CIN,1453,7.730215555,2.644873431,0.9415006125,0.2881761608,0.769,3.344804807,3.723493726,18.70767664,6115,0.251,0.315,0.411,0.313849226,13.47419727,-35.967,78.86704567,23.90588714,97.000
2012CHW,1445.2,7.756976845,3.131428052,1.157943574,0.2879120879,0.752,4.021674994,4.228183472,16.17519154,6111,0.255,0.318,0.422,0.3215324048,-7.001,-18.184,8.711,20.67997351,85.000
2012CHC,1413.2,7.181324765,3.647960187,1.114123966,0.291,0.713,4.507,4.4618163,4.409795834,5967,0.24,0.302,0.378,0.2969991849,-6.045,-138.883,65.71667036,11.27533817,61.000
2012BOS,1443,7.334724732,3.299378727,1.185032057,0.2963747646,0.696,4.721417196,4.413231477,6.425413173,6166,0.26,0.315,0.415,0.3161810718,2.637818873,-37.073,20.0308774,20.08205489,69.000
2012BAL,1483,7.143,2.919082778,1.117,0.2849646361,0.738,3.896156224,4.200316613,16.005,6160,0.247,0.311,0.417,0.3165095194,-17.148,-44.012,-24.686,14.64843051,93.000
2012ATL,1445.1,7.671587188,2.889299071,0.9029059597,0.2835239718,0.754,3.418588771,3.742051704,11.41551279,6126,0.247,0.32,0.389,0.3098456977,7.189416356,-48.89,123.7601185,27.2905157,94.000
2012ARI,1433.2,7.533134598,2.617764273,0.9730298856,0.3011792453,0.72,3.942,3.805,15.2769833,6150,0.259,0.328,0.418,0.3232379498,-5.591,-30.707,51.97591569,21.75063972,81.000